Initial Configuration,Initial term,Initial J,Final configuration,Final term,Final J,Wavelength (nm),Wavelength error (nm),Wavelength w/uncertainty (nm),Matrix element (a.u),Matrix el. uncertainty (a.u),Matrix el. w/uncertainty (a.u),Transition rate (s-1),Transition rate uncertainty,Transition rate w/uncertainty (s-1),Branching ratio,Branching ratio uncertainty,Branching ratio w/uncertainty,Lifetime reference,Matrix Element Reference
5s.4d,3D,1,5s.5p,3P,0,2603.13,0,2603.127(2),2.685,0.003,2.685(3),276024.9482700006,616.8155268603365,2.7602(62)E+05,0.5952256750180396,0.000800923598490616,0.59523(80),,
5s.4d,3D,1,5s.5p,3P,1,2736.2,0,2736.198(3),2.331,0.003,2.331(3),179138.08941650952,461.1019032599988,1.7914(46)E+05,0.3862969302690835,0.0007980842182376797,0.38630(80),,
5s.4d,3D,1,5s.5p,3P,2,3067.02,0,3067.019(5),0.605,0.001,0.605(1),8568.551616379204,28.32579046736927,8.569(28)E+03,0.018477394712876887,0.00006735001099323434,0.018477(67),,
5s.5p,1P,1,5s.4d,3D,1,2825.328,0.004,2825.328(4),0.06228,0.015,0.062(15),116.154654414237,55.951182282635976,1.16(56)E+02,6.079679419765947e-7,2.9285674386244157e-7,0.00000061(29),,
4d.5p,3F,2,5s.4d,3D,1,661.909,0,661.9093(2),4.04503,0.05825,4.045(58),22863642.767236054,658490.6372469426,2.286(66)E+07,0.6122104898424225,0.02163950905185785,0.612(22),,
4d.5p,1D,2,5s.4d,3D,1,638.249,0,638.2493(2),2.07525,0.18037,2.08(18),6712234.355744651,1166785.4097054934,6.7(12)E+06,0.14295226704633904,0.021405756024059766,0.143(21),,
5s.6p,3P,0,5s.4d,3D,1,637.168,0,637.1679(3),1.0475,0.0158,1.048(16),8594362.59644184,259266.69026020257,8.59(26)E+06,0.5520224657346501,0.007946894231629129,0.5520(79),,
5s.6p,3P,1,5s.4d,3D,1,636.567,0,636.5665(3),0.81049,0.0337,0.810(34),1719926.812021164,143028.3743540654,1.72(14)E+06,0.11024826473849064,0.00855164505923719,0.1102(86),,
5s.6p,3P,2,5s.4d,3D,1,632.35,0,632.3501(2),0.14216,0.08735,0.142(87),32387.6468644876,39801.082633835,3.2(40)E+04,0.0019020646907874804,0.00234760554087297,<0.0042,,
5s.6p,1P,1,5s.4d,3D,1,627.378,0,627.3776(3),0.33903,0.05574,0.339(56),314365.78864355735,103369.90271652589,3.1(10)E+05,0.02098035642912073,0.006832315366589401,0.0210(68),,
4d.5p,3D,1,5s.4d,3D,1,552.33,0,552.3302(3),3.63276,0.01801,3.633(18),52896025.52389017,524481.3418366542,5.290(52)E+07,0.7077840445262357,0.007122285378399633,0.7078(71),,
4d.5p,3D,2,5s.4d,3D,1,548.766,0,548.7659(3),2.22356,0.01504,2.224(15),12123656.240071494,164007.07860428796,1.212(16)E+07,0.16109161064402394,0.002732910638129529,0.1611(27),,
4d.5p,3P,0,5s.4d,3D,1,522.656,0,522.6563(2),2.4615,0.02425,2.462(24),85984172.69355057,1694183.3742178357,8.60(17)E+07,0.9929668239539813,0.0014935501020328233,0.9930(15),,
4d.5p,3P,1,5s.4d,3D,1,522.365,0,522.3653(2),2.31853,0.04543,2.319(45),25471147.965081546,998179.2360277026,2.55(10)E+07,0.2953196245637801,0.0084503327962203,0.2953(85),,
4d.5p,3P,2,5s.4d,3D,1,521.443,0,521.4430(1),0.70328,0.03364,0.703(34),1413621.9363254292,135235.5873563515,1.41(14)E+06,0.01653413811978636,0.001569053682646972,0.0165(16),,
5s.7p,1P,1,5s.4d,3D,1,481.978,0,481.9784(2),0.00304,0.01504,<0.018,55.745589012643244,551.5879333882594,6\(55)E+01,0.000002338004190268948,0.000023134243097850175,<0.000025,,
5s.7p,3P,0,5s.4d,3D,1,470.53,0,470.5300(2),0.35689,0.04854,0.357(49),2477274.0217748634,673859.6263103582,2.48(67)E+06,0.44520272917016407,0.06736870673578811,0.445(67),,
5s.4d,3D,2,5s.5p,3P,1,2692.189,0.003,2692.189(3),4.04372,0.06036,4.044(60),339580.7044011499,10137.74022245077,3.40(10)E+05,0.8058776312517424,0.006898660700261297,0.8059(69),,
5s.4d,3D,2,5s.5p,3P,2,3011.831,0.005,3011.831(5),2.3484,0.03811,2.348(38),81799.28088729978,2654.8889723357784,8.18(27)E+04,0.1941223687482576,0.006898660700261297,0.1941(69),,
5s.5p,1P,1,5s.4d,3D,2,2873.837,0.004,2873.837(4),0.09058,0.01502,0.091(15),233.46625279684787,77.42687386369188,2.33(77)E+02,0.000001221991472917589,4.052656732096181e-7,0.00000122(41),,
4d.5p,3F,2,5s.4d,3D,2,664.537,0,664.5372(2),2.10813,0.0154,2.108(15),6136690.6123289,89657.69229588787,6.137(90)E+06,0.16431967574165535,0.00652917047830126,0.1643(65),,
4d.5p,3F,3,5s.4d,3D,2,650.579,0,650.5789(3),5.49542,0.04355,5.495(44),31744687.592696667,503139.39413618605,3.174(50)E+07,0.8675355647623596,0.0026184445153142593,0.8675(26),,
4d.5p,1D,2,5s.4d,3D,2,640.692,0,640.6924(2),0.29304,0.14787,0.29(15),132312.9897145874,133532.08974267018,1.3(13)E+05,0.002817905459929498,0.002837026110584612,<0.0057,,
5s.6p,3P,1,5s.4d,3D,2,638.997,0,638.9967(3),1.58416,0.01788,1.584(18),6496033.940016056,146638.07550687695,6.50(15)E+06,0.41639938662709675,0.011104652753577748,0.416(11),,
5s.6p,3P,2,5s.4d,3D,2,634.748,0,634.7481(2),0.86944,0.04316,0.869(43),1197766.8758320587,118917.04628476182,1.20(12)E+06,0.07034256276312018,0.011638935838614825,0.070(12),,
5s.6p,1P,1,5s.4d,3D,2,629.738,0,629.7380(3),0.22887,0.04503,0.229(45),141658.97925548354,55742.594799444436,1.42(56)E+05,0.009454132680879345,0.0037146099880594453,0.0095(37),,
4d.5p,3D,1,5s.4d,3D,2,554.159,0,554.1589(3),2.33714,0.03868,2.337(39),21677673.263248924,717537.1623629465,2.168(72)E+07,0.290061703241786,0.0071177192886433625,0.2901(71),,
4d.5p,3D,2,5s.4d,3D,2,550.571,0,550.5710(3),4.42016,0.02336,4.420(23),47438757.53251618,501415.955965204,4.744(50)E+07,0.6303367322974582,0.007314205331862796,0.6303(73),,
4d.5p,3D,3,5s.4d,3D,2,545.235,0,545.2352(2),2.36521,0.01579,2.365(16),9989804.052579528,133382.66453315414,9.99(13)E+06,0.1313592278321854,0.0016908580386870247,0.1314(17),,
4d.5p,3P,1,5s.4d,3D,2,524.001,0,524.0006(2),3.57574,0.01879,3.576(19),60018138.73535114,630773.3933883604,6.002(63)E+07,0.6958671129640239,0.00843201352083003,0.6959(84),,
4d.5p,3P,2,5s.4d,3D,2,523.073,0,523.0725(1),2.45131,0.06813,2.451(68),17014061.38478294,945753.9047654208,1.701(95)E+07,0.1990014682750112,0.008935902041319532,0.1990(89),,
4d.5p,1F,3,5s.4d,3D,2,505.332,0,505.3323(4),0.05255,0.02324,0.053(23),6194.175241932505,5478.69201227446,6.2(55)E+03,0.001857088303084045,0.0016724270942413833,0.0019(17),,
5s.7p,1P,1,5s.4d,3D,2,483.37,0,483.3703(2),0.11506,0.01755,0.115(18),79168.96633111114,24151.144778567712,7.9(24)E+04,0.0033203949998522483,0.001026093551596538,0.0033(10),,
5s.4d,3D,3,5s.5p,3P,2,2923.365,0.005,2923.365(5),5.56969,0.07988,5.570(80),359403.5573797592,10309.068053278997,3.59(10)E+05,1,0,1.0,,
4d.5p,3F,2,5s.4d,3D,3,669.004,0,669.0042(2),0.2051,0.01555,0.205(16),56930.127232597646,8632.505884611344,5.69(86)E+04,0.0015243949284321936,0.00023791357679960276,0.00152(24),,
4d.5p,3F,3,5s.4d,3D,3,654.86,0,654.8596(3),2.16046,0.01777,2.160(18),4810797.3406343,79138.58043478846,4.811(79)E+06,0.13147200695163305,0.0026070608028969833,0.1315(26),,
4d.5p,1D,2,5s.4d,3D,3,644.844,0,644.8435(2),0.83667,0.2313,0.84(23),1057895.2336255587,584916.7952420708,1.06(58)E+06,0.022530280370032296,0.012190830022908687,0.023(12),,
5s.6p,3P,2,5s.4d,3D,3,638.822,0,638.8224(2),2.01341,0.0685,2.013(69),6301173.247821104,428755.5614363151,6.30(43)E+06,0.3700558794951159,0.052477913983530744,0.370(52),,
4d.5p,3F,4,5s.4d,3D,3,641.023,0,641.0234(3),6.66039,0.05215,6.660(52),37914245.9273379,593727.3718538018,3.791(59)E+07,1,0,1.0,,
4d.5p,3D,2,5s.4d,3D,3,553.634,0,553.6337(3),2.55342,0.06597,2.553(66),15569487.331180904,804504.6089072728,1.557(80)E+07,0.20687767299041027,0.008602306196330912,0.2069(86),,
4d.5p,3D,3,5s.4d,3D,3,548.239,0,548.2387(2),6.13218,0.01971,6.132(20),66052621.39802275,424611.53056662664,6.605(42)E+07,0.8685477009827345,0.0016912855138245288,0.8685(17),,
4d.5p,3P,2,5s.4d,3D,3,525.836,0,525.8362(2),4.86982,0.01706,4.870(17),66095478.143471815,463092.62236699887,6.610(46)E+07,0.7730721606925485,0.00879533853715395,0.7731(88),,
4d.5p,1F,3,5s.4d,3D,3,507.911,0,507.9112(4),0.33656,0.01502,0.337(15),250225.11505335028,22334.093345028057,2.50(22)E+05,0.07502050170580235,0.014694920728442576,0.075(15),,
5s.4d,1D,2,5s.5p,3P,1,1771.369,0.001,1771.369(1),0.18647,0.01519,0.186(15),2535.0591229897823,413.0160141609413,2.54(41)E+03,0.804361710314627,0.05622954479081831,0.804(56),,
5s.4d,1D,2,5s.5p,3P,2,1904.348,0.002,1904.348(2),0.10251,0.0163,0.103(16),616.5816009305435,196.08389612059494,6.2(20)E+02,0.195638289685373,0.05622954479081831,0.196(56),,
5s.5p,1P,1,5s.4d,1D,2,6456.749,0.021,6456.75(2),1.92557,0.01604,1.926(16),9302.998132459574,154.9879938266886,9.30(15)E+03,0.0000486930520117867,8.145576496926397e-7,0.00004869(81),,
4d.5p,3F,2,5s.4d,1D,2,762.36,0,762.3598(2),3.00997,0.22689,3.01(23),8285938.026462456,1249179.545858641,8.3(12)E+06,0.22186920210518013,0.026325314661136415,0.222(26),,
4d.5p,3F,3,5s.4d,1D,2,744.046,0,744.0463(4),0.22733,0.01793,0.227(18),36314.73702877958,5728.440900242096,3.63(57)E+04,0.000992428286007354,0.00015700336028265268,0.00099(16),,
4d.5p,1D,2,5s.4d,1D,2,731.143,0,731.1431(2),6.11307,0.01501,6.113(15),38744402.4173601,190265.6047729128,3.874(19)E+07,0.8251499973592379,0.023756807461362262,0.825(24),,
5s.6p,3P,1,5s.4d,1D,2,728.936,0,728.9357(4),0.67091,0.08349,0.671(83),784886.7573413285,195347.2011757986,7.8(20)E+05,0.05031167745528317,0.011941700027815942,0.050(12),,
5s.6p,3P,2,5s.4d,1D,2,723.412,0,723.4121(3),1.50439,0.71123,1.50(71),2422484.008686784,2290554.0471530673,2.4(23)E+06,0.14226786268849675,0.11545316197321707,0.14(12),,
5s.6p,1P,1,5s.4d,1D,2,716.912,0,716.9117(3),2.25724,0.07673,2.257(77),9339088.778528119,634924.3164009698,9.34(63)E+06,0.6232784176107812,0.022681490337307035,0.623(23),,
4d.5p,3D,1,5s.4d,1D,2,620.56,0,620.5604(3),0.06235,0.0249,0.062(25),10986.686272681907,8775.252227418749,1.10(88)E+04,0.0001470091782700687,0.00011741453515205311,0.00015(12),,
4d.5p,3D,2,5s.4d,1D,2,616.065,0,616.0647(3),0.2562,0.05069,0.256(51),113756.58652996481,45014.21835444119,1.14(45)E+05,0.0015115268350243362,0.0005975293739044798,0.00151(60),,
4d.5p,3D,3,5s.4d,1D,2,609.392,0,609.3917(2),0.04516,0.02615,0.045(26),2608.480252189985,3020.8927632758246,2.6(30)E+03,0.00003429976703644187,0.0000397218598750076,<0.000074,,
4d.5p,3P,1,5s.4d,1D,2,582.987,0,582.9868(2),0.06047,0.0163,0.060(16),12463.779188904624,6719.351770436427,1.25(67)E+04,0.00014450854730847562,0.00007792026504093925,0.000145(78),,
4d.5p,3P,2,5s.4d,1D,2,581.838,0,581.8383(2),0.42013,0.01755,0.420(18),363126.3764224086,30337.59982011887,3.63(30)E+05,0.004247232947100691,0.00035729356070695733,0.00425(36),,
4d.5p,1F,3,5s.4d,1D,2,559.971,0.001,559.9713(5),0.4423,0.29782,0.44(30),322482.2091059224,434282.84655973676,3.2(43)E+05,0.09668404833449128,0.11819516872816337,<0.21,,
5s.7p,1P,1,5s.4d,1D,2,533.129,0,533.1294(3),1.96301,0.05382,1.963(54),17174860.894742806,941769.0315943961,1.717(94)E+07,0.7203241987466977,0.029965545688338487,0.720(30),,
5s.6s,3S,1,5s.5p,3P,0,679.289,0,679.2894(2),1.968,0.008,1.968(8),8345103.371989731,67846.36887796529,8.345(68)E+06,0.11614461092770634,0.0010260912832882314,0.1161(10),,
5s.6s,3S,1,5s.5p,3P,1,688.021,0,688.0211(2),3.435,0.014,3.435(14),24467768.099616718,199446.1446256967,2.447(20)E+07,0.34053495559297736,0.002371482561165504,0.3405(24),,
5s.6s,3S,1,5s.5p,3P,2,707.202,0,707.2022(3),4.521,0.018,4.521(18),39028719.51766966,310779.4520318752,3.903(31)E+07,0.5431898493434144,0.002537853275625818,0.5432(25),,
5s.6s,3S,1,5s.5p,1P,1,1362.338,0.001,1362.338(1),0.18742,0.01554,0.187(16),9382.597299511102,1555.9231890647525,9.4(16)E+03,0.00013058413590187054,0.000021662787603749875,0.000131(22),,
4d.5p,3F,2,5s.6s,3S,1,2365.141,0.003,2365.141(3),0.30489,0.04154,0.305(42),2847.164992370037,775.8288812003252,2.85(78)E+03,0.00007623738230982576,0.00002097234062686309,0.000076(21),,
4d.5p,1D,2,5s.6s,3S,1,2088.5,0.002,2088.500(2),2.62934,1.38226,2.6(14),307530.0158018854,323340.79247560294,3.1(32)E+05,0.006549549764461236,0.0068436729721157285,<0.013,,
5s.6p,3P,0,5s.6s,3S,1,2076.965,0.003,2076.965(3),5.5535,0.03075,5.554(31),6974501.226888562,77236.31192779302,6.975(77)E+06,0.44797753426534986,0.007946894231629129,0.4480(79),,
5s.6p,3P,1,5s.6s,3S,1,2070.589,0.003,2070.589(3),9.136,0.1876,9.14(19),6350042.257444494,260785.44968666768,6.35(26)E+06,0.4070412386191284,0.01247677301536847,0.407(12),,
5s.6p,3P,2,5s.6s,3S,1,2026.633,0.002,2026.633(2),12.05427,0.16101,12.05(16),7073814.5793284485,188971.19318083685,7.07(19)E+06,0.4154316303624797,0.057305072687522204,0.415(57),,
5s.6p,1P,1,5s.6s,3S,1,1976.429,0.003,1976.429(3),2.94481,0.39547,2.94(40),758607.5228403931,203752.715523791,7.6(20)E+05,0.05062846147374496,0.013134028196377883,0.051(13),,
4d.5p,3D,1,5s.6s,3S,1,1384.011,0.002,1384.011(2),0.12965,0.01513,0.130(15),4282.2578256481775,999.4687375739853,4.3(10)E+03,0.00005729946122648662,0.000013390225390256112,0.000057(13),,
4d.5p,3D,2,5s.6s,3S,1,1361.846,0.002,1361.846(2),0.24988,0.01733,0.250(17),10017.88613609177,1389.5467170325658,1.00(14)E+04,0.00013311144599906143,0.00001853939984523748,0.000133(19),,
4d.5p,3P,0,5s.6s,3S,1,1211.636,0.001,1211.636(1),0.59056,0.09609,0.591(96),397263.27210146625,129277.39033234499,4.0(13)E+05,0.0045876960516682075,0.0014887869439723074,0.0046(15),,
4d.5p,3P,1,5s.6s,3S,1,1210.074,0.001,1210.074(1),1.02036,0.16127,1.02(16),396841.6132089683,125443.26897208564,4.0(13)E+05,0.004601092828042945,0.001449106225530766,0.0046(14),,
4d.5p,3P,2,5s.6s,3S,1,1205.136,0.001,1205.1361(8),1.31048,0.19475,1.31(19),397603.14623980154,118175.34450417748,4.0(12)E+05,0.004650483391534674,0.0013769981879609868,0.0047(14),,
5s.7p,1P,1,5s.6s,3S,1,1013.368,0.001,1013.368(1),0.01703,0.015,0.017(15),188.22356433196126,331.57410040909053,1.9(33)E+02,0.000007894211719884669,0.000013913155985149919,<0.000022,,
5s.7p,3P,0,5s.6s,3S,1,964.051,0.001,964.0509(8),0.5889,0.02225,0.589(22),784242.7030495546,59260.99561096619,7.84(59)E+05,0.1409399964075428,0.01937061785130492,0.141(19),,
5s.5d,1D,2,5s.5p,3P,1,494.484,0,494.4837(1),0.01562,0.01501,0.016(15),817.7176792852681,1571.5675244650288,8\(16)E+02,0.00006533320237759266,0.0001255663354455546,<0.00019,,
5s.5d,1D,2,5s.5p,3P,2,504.314,0,504.3144(2),0.36559,0.0247,0.366(25),422261.9196045738,57057.73907510038,4.22(57)E+05,0.03373746728087086,0.004485017590747263,0.0337(45),,
5s.5d,1D,2,5s.5p,1P,1,767.519,0,767.5189(4),3.66917,0.04759,3.669(48),12066066.73074998,312999.4607589136,1.207(31)E+07,0.9640427247588169,0.004489341080701604,0.9640(45),,
5s.5d,1D,2,4d.5p,3F,2,6846.52,0.027,6846.52(3),0.97255,0.10155,0.97(10),1194.2946858848784,249.40748659962594,1.19(25)E+03,0.00009542058144028432,0.000020072116046345002,0.000095(20),,
5s.5d,1D,2,4d.5p,3F,3,8789.37,0.066,8789.37(7),0.02506,0.01514,0.025(15),0.37478847430098483,0.4528569434878747,3.7(45)E-01,2.994448066929127e-8,3.618992361060613e-8,<6.6E-8,,
5s.5d,1D,2,4d.5p,1D,2,11104.35,0.072,11104.35(7),1.76736,0.06884,1.767(69),924.4170433397695,72.01347914104383,9.24(72)E+02,0.00007385816315797623,0.000006051841587591551,0.0000739(61),,
5s.5d,1D,2,5s.6p,3P,1,11639.682,0.106,11639.7(1),4.90897,0.49399,4.91(49),6192.338832470463,1246.2710051338142,6.2(12)E+03,0.0004947493938079361,0.00010031556950805049,0.00049(10),,
5s.5d,1D,2,5s.6p,3P,2,13255.884,0.113,13255.9(1),0.69641,0.23434,0.70(23),84.37256495623485,56.78226012297095,8.4(57)E+01,0.000006741116159088508,0.000004539937795305574,0.0000067(45),,
5s.5d,1D,2,5s.6p,1P,1,15897.164,0.197,15897.2(2),13.5686,0.39254,13.57(39),18569.849489618697,1074.4528136021468,1.86(11)E+04,0.0014836755588886427,0.00009364867538822448,0.001484(94),,
4d.5p,3D,1,5s.5d,1D,2,6507.434,0.04,6507.43(4),0.63105,0.07467,0.631(75),975.9875093553311,230.9705650734813,9.8(23)E+02,0.000013059362777012674,0.0000030944183967034687,0.0000131(31),,
4d.5p,3D,2,5s.5d,1D,2,6044.856,0.034,6044.86(3),0.01804,0.01502,0.018(15),0.5970523206802738,0.994204640474294,6.0(99)E-01,7.933260237059509e-9,1.3210763474758796e-8,<2.1E-8,,
4d.5p,3D,3,5s.5d,1D,2,5458.381,0.023,5458.38(2),0.73385,0.07489,0.734(75),958.500347945503,195.6315083336278,9.6(20)E+02,0.000012603637160479725,0.0000025734481394241514,0.0000126(26),,
4d.5p,3P,1,5s.5d,1D,2,3883.067,0.012,3883.07(1),0.60079,0.0203,0.601(20),4163.579214876713,281.3650655216955,4.16(28)E+03,0.00004827370373194771,0.000003329276143695989,0.0000483(33),,
4d.5p,3P,2,5s.5d,1D,2,3832.675,0.009,3832.675(9),0.01527,0.015,0.015(15),1.6782997229152607,3.2972489644912577,1.7(33),1.9629887392106773e-8,3.856637391638414e-8,<5.8E-8,,
4d.5p,1F,3,5s.5d,1D,2,3048.506,0.016,3048.51(2),16.34015,1.20692,16.3(12),2727847.2699783104,402969.7947428302,2.73(40)E+06,0.8178414493962529,0.10888342841136509,0.82(11),,
5s.7p,1P,1,5s.5d,1D,2,2392.682,0.006,2392.682(6),4.5272,0.08529,4.527(85),1010533.3676084733,38075.805195804714,1.011(38)E+06,0.04238238916695903,0.0027968722951219197,0.0424(28),,
5s.5d,3D,1,5s.5p,3P,0,483.339,0,483.3393(2),2.48679,0.02389,2.487(24),36988611.45570466,710681.5836293248,3.699(71)E+07,0.5936802669800504,0.013670286933609933,0.594(14),,
5s.5d,3D,1,5s.5p,3P,1,487.744,0,487.7436(2),2.02886,0.05658,2.029(57),23959369.00589416,1336337.7446975068,2.40(13)E+07,0.3845563276990499,0.013959123405546326,0.385(14),,
5s.5d,3D,1,5s.5p,3P,2,497.306,0,497.3055(2),0.46127,0.03732,0.461(37),1168386.7465798142,189061.47541508733,1.17(19)E+06,0.018753019601077156,0.0030122473746401163,0.0188(30),,
5s.5d,3D,1,5s.5p,1P,1,751.402,0,751.4020(5),0.11662,0.01551,0.117(16),21650.859698251625,5758.957878920985,2.17(58)E+04,0.0003475039386487498,0.0000927920166847444,0.000348(93),,
5s.5d,3D,1,4d.5p,3F,2,5746.938,0.025,5746.94(3),1.45668,0.12318,1.46(12),7550.310153166259,1276.9409993079503,7.6(13)E+03,0.00012118514242909245,0.000020706522838980323,0.000121(21),,
5s.5d,3D,1,4d.5p,1D,2,8474.512,0.055,8474.51(5),0.30278,0.24965,0.30(25),101.73171846055826,167.76090571007722,1.0(17)E+02,0.0000016328299819616184,0.000002692914067397379,<0.0000043,,
5s.5d,3D,1,5s.6p,3P,0,8669.884,0.069,8669.88(7),9.39369,0.05996,9.394(60),91448.93964235637,1167.4406992008178,9.14(12)E+04,0.0014677877531827006,0.000040513915673677496,0.001468(41),,
5s.5d,3D,1,5s.6p,3P,1,8782.785,0.071,8782.79(7),7.7569,0.17092,7.76(17),59982.65396314435,2643.385055322921,6.00(26)E+04,0.0009627427637194907,0.000048499018182633775,0.000963(48),,
5s.5d,3D,1,5s.6p,3P,2,9672.649,0.075,9672.65(8),2.18892,0.05375,2.189(54),3575.7702413092443,175.60959014463307,3.58(18)E+03,0.00005739237424638138,0.0000031492625427370855,0.0000574(31),,
5s.5d,3D,1,5s.6p,1P,1,11007.106,0.112,11007.1(1),2.5327,0.3276,2.53(33),3248.5838756055227,840.3964820605482,3.25(84)E+03,0.00005214091761422765,0.000013548228431713147,0.000052(14),,
4d.5p,3D,1,5s.5d,3D,1,7953.912,0.067,7953.91(7),0.73479,0.01694,0.735(17),724.6531852355353,33.412612587440364,7.25(33)E+02,0.000009696342158886387,4.617801819935246e-7,0.00000970(46),,
4d.5p,3D,2,5s.5d,3D,1,7273.584,0.056,7273.58(6),0.41095,0.02444,0.411(24),177.84016569638626,21.153005142074022,1.78(21)E+02,0.0000023630296143287887,2.826894065777381e-7,0.00000236(28),,
4d.5p,3P,0,5s.5d,3D,1,4376.05,0.019,4376.05(2),2.94774,0.07203,2.948(72),210086.87338151093,10267.227114430874,2.10(10)E+05,0.002426135983881,0.0001275013628603964,0.00243(13),,
4d.5p,3P,1,5s.5d,3D,1,4355.736,0.017,4355.74(2),2.57928,0.05517,2.579(55),54369.86325439354,2325.9091437118323,5.44(23)E+04,0.0006303794248254315,0.00002831705657214958,0.000630(28),,
4d.5p,3P,2,5s.5d,3D,1,4292.429,0.015,4292.43(1),0.67011,0.0193,0.670(19),2300.8059525339595,132.53213836337082,2.30(13)E+03,0.000026910903423661586,0.00000158617273941793,0.0000269(16),,
5s.7p,1P,1,5s.5d,3D,1,2564.135,0.008,2564.135(8),0.006,0.01512,<0.021,1.4422005949640255,7.2686909986312225,1.4(73),6.048677741066673e-8,3.048716742253357e-7,<3.7E-7,,
5s.7p,3P,0,5s.5d,3D,1,2270.271,0.005,2270.271(5),2.03298,0.01844,2.033(18),715649.8189329626,12982.50207714381,7.16(13)E+05,0.12861284206695006,0.01576930815382983,0.129(16),,
5s.5d,3D,2,5s.5p,3P,1,487.385,0,487.3851(3),3.72447,0.04394,3.724(44),48552258.024475254,1145605.2633504593,4.86(11)E+07,0.7869351547593663,0.012627305885061703,0.787(13),,
5s.5d,3D,2,5s.5p,3P,2,496.933,0,496.9328(3),1.97981,0.0719,1.980(72),12943485.997853257,940127.2276083556,1.294(94)E+07,0.20978806282730925,0.012655371550017086,0.210(13),,
5s.5d,3D,2,5s.5p,1P,1,750.551,0.001,750.5514(7),0.22278,0.01613,0.223(16),47567.27787573769,6888.052719525464,4.76(69)E+04,0.0007709705933296804,0.0001130821640587555,0.00077(11),,
5s.5d,3D,2,4d.5p,3F,2,5697.558,0.04,5697.56(4),0.39831,0.02628,0.398(26),347.59500741242823,45.8677759089843,3.48(46)E+02,0.000005633821001976738,7.556373224987917e-7,0.00000563(76),,
5s.5d,3D,2,4d.5p,3F,3,6981.875,0.068,6981.88(7),2.0025,0.12647,2.00(13),4774.480621030024,603.0747368756804,4.77(60)E+03,0.00007738479731492291,0.000009949065858861107,0.0000774(99),,
5s.5d,3D,2,4d.5p,1D,2,8367.571,0.087,8367.57(9),2.09753,0.92159,2.10(92),3043.094941026537,2674.084154665194,3.0(27)E+03,0.00004932249262551254,0.00004335561707995335,0.000049(43),,
5s.5d,3D,2,5s.6p,3P,1,8667.975,0.101,8668.0(1),13.26412,0.30202,13.26(30),109471.54415113913,4985.269359000277,1.095(50)E+05,0.001774315140912636,0.00009122558167067759,0.001774(91),,
5s.5d,3D,2,5s.6p,3P,2,9533.579,0.115,9533.6(1),7.92881,0.13794,7.93(14),29399.868759097953,1022.9580706251903,2.94(10)E+04,0.00047651316773327055,0.000020140725809578008,0.000477(20),,
5s.5d,3D,2,5s.6p,1P,1,10827.374,0.157,10827.4(2),4.86846,0.53171,4.87(53),7566.780354469018,1652.8154127015214,7.6(17)E+03,0.00012264240040643436,0.000026947062397518347,0.000123(27),,
4d.5p,3D,1,5s.5d,3D,2,8050.48,0.093,8050.48(9),0.7768,0.02228,0.777(22),781.0866297630951,44.805904446700495,7.81(45)E+02,0.000010451459225219157,6.123363880214645e-7,0.00001045(61),,
4d.5p,3D,2,5s.5d,3D,2,7354.255,0.078,7354.26(8),0.82843,0.02361,0.828(24),699.1861995382274,39.85318914840939,6.99(40)E+02,0.000009290351754729623,5.427217598430909e-7,0.00000929(54),,
4d.5p,3D,3,5s.5d,3D,2,6504.052,0.057,6504.05(6),0.46866,0.02195,0.469(22),231.0643573633115,21.644103801916177,2.31(22)E+02,0.0000030383414332283377,2.851595504732037e-7,0.00000304(29),,
4d.5p,3P,1,5s.5d,3D,2,4384.538,0.026,4384.54(3),4.36425,0.10812,4.36(11),152613.78870384308,7561.713420730233,1.526(76)E+05,0.0017694470168781304,0.00009085411431906244,0.001769(91),,
4d.5p,3P,2,5s.5d,3D,2,4320.397,0.024,4320.40(2),2.60958,0.04548,2.610(45),34219.01509206903,1192.74441424498,3.42(12)E+04,0.0004002356693233112,0.000014815373184338176,0.000400(15),,
4d.5p,1F,3,5s.5d,3D,2,3349.239,0.022,3349.24(2),0.62216,0.06957,0.622(70),2982.1883611127973,666.937267223988,2.98(67)E+03,0.0008940959702793473,0.0002552838590530584,0.00089(26),,
5s.7p,1P,1,5s.5d,3D,2,2574.089,0.01,2574.09(1),0.20585,0.02126,0.206(21),1677.941946933757,346.59262422730126,1.68(35)E+03,0.00007037391428529718,0.000015046820992694553,0.000070(15),,
5s.5d,3D,3,5s.5p,3P,2,496.365,0,496.3648(2),5.05992,0.0845,5.060(85),60597360.973353945,2023935.9524452593,6.06(20)E+07,0.9976913678027813,0.0001738293473758687,0.99769(17),,
5s.5d,3D,3,4d.5p,3F,2,5623.766,0.027,5623.77(3),0.54704,0.07459,0.547(75),486.99646084983885,132.8058864633467,4.9(13)E+02,0.000008018041666105535,0.000002202798516931588,0.0000080(22),,
5s.5d,3D,3,4d.5p,3F,3,6871.388,0.05,6871.39(5),0.73427,0.04821,0.734(48),481.0025480027926,63.16241480555893,4.81(63)E+02,0.000007919356261150527,0.0000010728766940604344,0.0000079(11),,
5s.5d,3D,3,4d.5p,1D,2,8209.372,0.058,8209.37(6),3.97667,2.17373,4.0(22),8273.296604643117,9044.709785720595,8.3(90)E+03,0.00013621379665946276,0.00014896343724618116,<0.00029,,
5s.5d,3D,3,5s.6p,3P,2,9328.759,0.078,9328.76(8),18.97455,0.21052,18.97(21),128363.24412517538,2848.346592560195,1.284(28)E+05,0.0021134072268124437,0.00008455544675221944,0.002113(85),,
5s.5d,3D,3,4d.5p,3F,4,8883.33,0.079,8883.33(8),2.51718,0.16113,2.52(16),2616.1969783988757,334.93657845899844,2.62(33)E+03,0.00004307377581951175,0.000005697996503938407,0.0000431(57),,
4d.5p,3D,2,5s.5d,3D,3,7480.959,0.063,7480.96(6),1.10221,0.02814,1.102(28),1175.8560481205016,60.04045189995239,1.176(60)E+03,0.00001562404450657135,8.224418961857218e-7,0.00001562(82),,
4d.5p,3D,3,5s.5d,3D,3,6602.957,0.044,6602.96(4),1.39391,0.02299,1.394(23),1953.5446413298976,64.44031472894257,1.954(64)E+03,0.000025687802710658424,8.605587406427824e-7,0.00002569(86),,
4d.5p,3P,2,5s.5d,3D,3,4363.817,0.017,4363.82(2),5.96788,0.13581,5.97(14),173675.2720345648,7904.595760178729,1.737(79)E+05,0.0020313570849610114,0.00009569666338800527,0.002031(96),,
4d.5p,1F,3,5s.5d,3D,3,3375.273,0.02,3375.27(2),0.0467,0.0153,0.047(15),16.4163338326948,10.756741230520792,1.6(11)E+01,0.000004921814503057061,0.00000334154811443442,0.0000049(33),,
5p2,3P,1,5s.5p,3P,0,474.325,0,474.3248(1),2.58827,0.04718,2.588(47),42397240.69917595,1545667.0410638156,4.24(15)E+07,0.32979212802971203,0.01181218815082234,0.330(12),,
5p2,3P,1,5s.5p,3P,1,478.566,0,478.5657(1),2.36002,0.07043,2.360(70),34320422.01826794,2048446.4731202368,3.43(20)E+07,0.2669656049692489,0.013323551062509513,0.267(13),,
5p2,3P,1,5s.5p,3P,2,487.768,0,487.7678(2),2.98432,0.07692,2.984(77),51831951.05194538,2671907.620439925,5.18(27)E+07,0.40318117772426604,0.01478624759178937,0.403(15),,
5p2,3P,1,5s.5p,1P,1,729.839,0,729.8389(3),0.06282,0.01503,0.063(15),6855.842158699207,3280.5892278016263,6.9(33)E+03,0.000053329007682265804,0.00002556333884173051,0.000053(26),,
5p2,3P,1,4d.5p,3F,2,4687.674,0.013,4687.67(1),0.02466,0.0212,0.025(21),3.98712547108224,6.855398214755315,4.0(69),3.1014343672965436e-8,5.3333041786157816e-8,<8.4E-8,,
5p2,3P,1,4d.5p,1D,2,6356.447,0.024,6356.45(2),0.02397,0.02756,<0.052,1.5109110680523714,3.4744020889468947,1.5(35),1.1752806743537006e-8,2.7028183768658723e-8,<3.9E-8,,
5p2,3P,1,5s.6p,3P,0,6465.733,0.033,6465.73(3),0.61904,0.02983,0.619(30),957.480925191334,92.2772562642776,9.57(92)E+02,0.000007447882613569356,7.491853868332755e-7,0.00000745(75),,
5p2,3P,1,5s.6p,3P,1,6528.319,0.033,6528.32(3),0.08346,0.10431,<0.19,16.90825550225872,42.26456102259918,1.7(42)E+01,1.3152293572417257e-7,3.2878186587530304e-7,<4.6E-7,,
5p2,3P,1,5s.6p,3P,2,7007.512,0.031,7007.51(3),0.09098,0.07164,0.091(72),16.24599656273617,25.585033937035526,1.6(26)E+01,1.2637147347403406e-7,1.9904960900603268e-7,<3.3E-7,,
5p2,3P,1,5s.6p,1P,1,7682.256,0.046,7682.26(5),0.03181,0.03187,<0.064,1.5073257069161463,3.0203376473654804,1.5(30),1.1724917572936013e-8,2.349649536874282e-8,<3.5E-8,,
4d.5p,3D,1,5p2,3P,1,11573.458,0.126,11573.5(1),1.10868,0.11818,1.11(12),535.5118317094766,114.16601546724263,5.4(11)E+02,0.00000716550490107808,0.000001529992830888767,0.0000072(15),,
4d.5p,3D,2,5p2,3P,1,10187.024,0.098,10187.0(1),1.97567,0.21813,1.98(22),1496.1811564263824,330.3810843296101,1.50(33)E+03,0.000019880325500102016,0.000004397177307678444,0.0000199(44),,
4d.5p,3P,0,5p2,3P,1,5285.499,0.024,5285.50(2),0.34939,0.15853,0.35(16),1675.0597267395228,1520.0619279884097,1.7(15)E+03,0.000019344010469481733,0.000017557820695464453,0.000019(18),,
4d.5p,3P,1,5p2,3P,1,5255.894,0.022,5255.89(2),0.38483,0.11091,0.38(11),688.8809505562721,397.07811888016477,6.9(40)E+02,0.000007987078712208602,0.000004605115039438096,0.0000080(46),,
4d.5p,3P,2,5p2,3P,1,5163.993,0.017,5163.99(2),0.68608,0.10492,0.69(10),1385.1279921087526,423.6463065759499,1.39(42)E+03,0.000016200864564000538,0.0000049591481290406585,0.0000162(50),,
5s.7p,1P,1,5p2,3P,1,2851.641,0.009,2851.641(9),0.03161,0.01507,0.032(15),29.10117841584956,27.747849335556772,2.9(28)E+01,0.000001220521269630664,0.0000011657143556867906,0.0000012(12),,
5s.7p,3P,0,5p2,3P,1,2492.793,0.006,2492.793(6),0.23893,0.01567,0.239(16),7467.0635761571375,979.440726703894,7.47(98)E+03,0.0013419416074974702,0.00023985808690039616,0.00134(24),,
5p2,3P,2,5s.5p,3P,1,472.36,0,472.3598(2),2.84396,0.06206,2.844(62),31097501.108182378,1357199.7628474368,3.11(14)E+07,0.24501327922070484,0.013763385578071085,0.245(14),,
5p2,3P,2,5s.5p,3P,2,481.322,0,481.3225(2),5.10007,0.15553,5.10(16),94523796.35300228,5765131.0851743,9.45(58)E+07,0.7447410397469344,0.014195269236375563,0.745(14),,
5p2,3P,2,5s.5p,1P,1,715.503,0,715.5028(5),1.08199,0.13604,1.08(14),1295119.1308257119,325674.0017144888,1.30(33)E+06,0.010204079875137719,0.0025840128671972868,0.0102(26),,
5p2,3P,2,4d.5p,3F,2,4153.193,0.015,4153.19(1),0.11505,0.05891,0.115(59),74.87282221137858,76.67549685735226,7.5(77)E+01,5.899134991811865e-7,6.047449463720276e-7,<0.0000012,,
5p2,3P,2,4d.5p,3F,3,4796.329,0.024,4796.33(2),0.07711,0.01757,0.077(18),21.836945711592534,9.951371712121423,2.2(10)E+01,1.7205053416829085e-7,7.881681226262915e-8,0.000000172(79),,
5p2,3P,2,4d.5p,1D,2,5412.023,0.025,5412.02(3),0.26902,0.06282,0.269(63),185.0067656677687,86.40342743562351,1.85(86)E+02,0.0000014576449141873178,6.841606888703296e-7,0.00000146(68),,
5p2,3P,2,5s.6p,3P,1,5536.118,0.031,5536.12(3),0.22198,0.14888,0.22(15),117.68173658233201,157.8561757253043,1.2(16)E+02,9.271995226921193e-7,0.0000012444823406432476,<0.0000022,,
5p2,3P,2,5s.6p,3P,2,5876.919,0.031,5876.92(3),0.0715,0.16483,<0.24,10.206113123483433,47.056604927375744,1.0(47)E+01,8.041267482499355e-8,3.7077205662396457e-7,<4.5E-7,,
5p2,3P,2,5s.6p,1P,1,6344.24,0.04,6344.24(4),1.75189,0.11972,1.75(12),4870.485075358902,665.6747613215463,4.87(67)E+03,0.000038373936077944094,0.000005542722085136233,0.0000384(55),,
4d.5p,3D,1,5p2,3P,2,16963.126,0.326,16963.1(3),0.36316,0.01706,0.363(17),18.248385090620694,1.714492280329043,1.82(17)E+01,2.441755439579932e-7,2.312497854240904e-8,0.000000244(23),,
4d.5p,3D,2,5p2,3P,2,14142.091,0.226,14142.1(2),1.07014,0.12623,1.07(13),164.07317888367677,38.70700618264195,1.64(39)E+02,0.000002180102448178676,5.150696664570871e-7,0.00000218(52),,
4d.5p,3D,3,5p2,3P,2,11301.287,0.128,11301.3(1),2.57187,0.29818,2.57(30),1326.4278136922783,307.56939482411855,1.33(31)E+03,0.000017441636739287227,0.000004045548863646111,0.0000174(40),,
4d.5p,3P,1,5p2,3P,2,6142.151,0.038,6142.15(4),0.4983,0.19137,0.50(19),723.7128002515736,555.8776585373398,7.2(56)E+02,0.000008390928934781228,0.000006445985479161879,0.0000084(64),,
4d.5p,3P,2,5p2,3P,2,6017.014,0.032,6017.01(3),0.95338,0.25281,0.95(25),1690.7771661642248,896.6946560057975,1.69(90)E+03,0.00001977582723978375,0.000010490709945979788,0.000020(10),,
4d.5p,1F,3,5p2,3P,2,4286.134,0.033,4286.13(3),1.80223,0.02092,1.802(21),11939.676215029705,277.1878728482746,1.194(28)E+04,0.003579658659225266,0.0006416709161893645,0.00358(64),,
5s.7p,1P,1,5p2,3P,2,3093.848,0.012,3093.85(1),1.04617,0.18707,1.05(19),24960.525194379086,8926.590230238024,2.50(89)E+04,0.001046859734185179,0.00037844482003857716,0.00105(38),,
4d2,1D,2,5s.5p,3P,1,445.305,0,445.3052(1),0.2314,0.06308,0.231(63),245725.75849044288,133970.4481035189,2.5(13)E+05,0.004146767373590239,0.0022565087103243687,0.0041(23),,
4d2,1D,2,5s.5p,3P,2,453.262,0,453.2620(1),0.67748,0.10483,0.68(10),1997296.038044687,618103.9843780614,2.00(62)E+06,0.03370555084190281,0.010147874289542187,0.034(10),,
4d2,1D,2,5s.5p,1P,1,655.205,0,655.2054(3),6.26513,0.11446,6.27(11),56549024.459223285,2066230.4978835867,5.65(21)E+07,0.9542982025019727,0.010315191601501697,0.954(10),,
4d2,1D,2,4d.5p,3F,2,2707.099,0.004,2707.099(4),1.42198,0.25367,1.42(25),41302.066148287304,14735.924725586405,4.1(15)E+04,0.00069699677159505,0.0002498005762560024,0.00070(25),,
4d2,1D,2,4d.5p,3F,3,2966.362,0.008,2966.362(8),0.12961,0.07454,0.130(75),260.7966356856347,299.9734777330165,2.6(30)E+02,0.000004401097331622853,0.000005064751064105103,<0.0000095,,
4d2,1D,2,4d.5p,1D,2,3190.869,0.006,3190.869(6),2.14073,0.12835,2.14(13),57160.28335901571,6854.224845961762,5.72(69)E+04,0.0009646135576281406,0.00012079304806026392,0.00096(12),,
4d2,1D,2,5s.6p,3P,1,3233.604,0.008,3233.604(8),1.74231,0.27058,1.74(27),36382.10464410865,11300.25067572767,3.6(11)E+04,0.0006139695140125223,0.0001918920009117545,0.00061(19),,
4d2,1D,2,5s.6p,3P,2,3346.97,0.007,3346.970(7),0.6748,0.23294,0.67(23),4921.4376762125685,3397.7465688924044,4.9(34)E+03,0.00008305216885786834,0.000057414159885449725,0.000083(57),,
4d2,1D,2,5s.6p,1P,1,3493.525,0.01,3493.53(1),5.84803,0.07686,5.848(77),325030.97638310696,8543.691526179768,3.250(85)E+05,0.005485089786889676,0.0002461118777359085,0.00549(25),,
4d2,1D,2,4d.5p,3D,1,14353.566,0.194,14353.6(2),0.71703,0.30758,0.72(31),70.45187512870126,60.442625207557874,7.0(60)E+01,0.0000011889170227276541,0.0000010209248679352287,0.0000012(10),,
4d2,1D,2,4d.5p,3D,2,17268.294,0.281,17268.3(3),0.28486,0.10223,0.28(10),6.3857503811426195,4.583411240428005,6.4(46),1.0776331101423195e-7,7.744753445572323e-8,0.000000108(77),,
4d2,1D,2,4d.5p,3D,3,24915.909,0.485,24915.9(5),0.36749,0.015,0.367(15),3.538002667798467,0.2888244773741954,3.54(29),5.97058856207479e-8,5.3383014854227505e-9,0.0000000597(53),,
4d.5p,3P,1,4d2,1D,2,29249.259,0.668,29249.3(7),0.27144,0.03096,0.271(31),1.9886077582126873,0.45363468148568525,1.99(45),2.305647540366409e-8,5.269165543251012e-9,0.0000000231(53),,
4d.5p,3P,2,4d2,1D,2,26613.511,0.454,26613.5(5),0.2569,0.06266,0.257(63),1.4187929165457398,0.6921102735694057,1.42(69),1.6594619425983085e-8,8.097782495314177e-9,0.0000000166(81),,
4d.5p,1F,3,4d2,1D,2,9552.011,0.153,9552.0(2),6.43115,0.48906,6.43(49),13736.058911030035,2089.130966101006,1.37(21)E+04,0.0041182358163616845,0.0009617497217198749,0.00412(96),,
5s.7p,1P,1,4d2,1D,2,5138.704,0.03,5138.70(3),7.66666,0.04004,7.667(40),292548.36794769287,3055.7382534796893,2.925(31)E+05,0.0122696579627658,0.0006899353695878653,0.01227(69),,
5s.7s,3S,1,5s.5p,3P,0,432.766,0,432.7661(1),0.51871,0.01501,0.519(15),2241999.2307607164,129754.23050921845,2.24(13)E+06,0.07873165804444678,0.00437628046543207,0.0787(44),,
5s.7s,3S,1,5s.5p,3P,1,436.294,0,436.2937(1),0.92391,0.01501,0.924(15),6941744.288323005,225553.5317676577,6.94(23)E+06,0.24377128682367907,0.006932146662970495,0.2438(69),,
5s.7s,3S,1,5s.5p,3P,2,443.929,0,443.9289(1),1.261,0.01532,1.261(15),12275409.358436821,298270.05768636335,1.228(30)E+07,0.43107210685176106,0.008053441907983573,0.4311(81),,
5s.7s,3S,1,5s.5p,1P,1,635.881,0,635.8806(3),0.02689,0.01502,0.027(15),1899.3322650626567,2121.8274913530013,1.9(21)E+03,0.0000666983183374952,0.00007451464055801318,<0.00014,,
5s.7s,3S,1,4d.5p,3F,2,2405.104,0.003,2405.104(3),0.22572,0.04391,0.226(44),2473.343528838006,962.2941197616527,2.47(96)E+03,0.0000868557108616164,0.0000338195410385625,0.000087(34),,
5s.7s,3S,1,4d.5p,1D,2,2779.495,0.005,2779.495(5),2.3438,1.30869,2.3(13),172778.42598841345,192945.9837097168,1.7(19)E+05,0.006067411516355403,0.006735125454157931,<0.013,,
5s.7s,3S,1,5s.6p,3P,0,2800.191,0.006,2800.191(6),5.09538,0.01618,5.095(16),798612.7780313694,5071.873488343926,7.986(51)E+05,0.028044660893374804,0.0004903496535658704,0.02804(49),,
5s.7s,3S,1,5s.6p,3P,1,2811.865,0.006,2811.865(6),8.42204,0.1529,8.42(15),2154750.894877319,78237.91312959335,2.155(78)E+06,0.07566778270877689,0.0028175473230166365,0.0757(28),,
5s.7s,3S,1,5s.6p,3P,2,2897.199,0.005,2897.199(5),11.49801,0.18422,11.50(18),3671610.2364279255,117652.36707630992,3.67(12)E+06,0.12893490668542779,0.0041373110077769105,0.1289(41),,
5s.7s,3S,1,5s.6p,1P,1,3006.37,0.007,3006.370(7),2.93882,0.38318,2.94(38),214666.81566781618,55978.95104640909,2.15(56)E+05,0.007538394345886646,0.0019548159744247227,0.0075(20),,
5s.7s,3S,1,4d.5p,3D,1,8616.797,0.07,8616.80(7),0.31381,0.04452,0.314(45),103.95418759385458,29.49581242630971,1.04(29)E+02,0.000003650530043737175,0.0000010375126722733941,0.0000037(10),,
5s.7s,3S,1,4d.5p,3D,2,9588.38,0.087,9588.38(9),0.63766,0.07578,0.638(76),311.52193601286035,74.04300870642507,3.12(74)E+02,0.000010939628436530104,0.0000026062711678731894,0.0000109(26),,
5s.7s,3S,1,4d.5p,3P,0,75414.213,4.892,75414(5),3.70862,0.14975,3.71(15),21.657639590321093,1.7490284499915043,2.17(17)E+01,7.605452539323457e-7,6.266768598891237e-8,0.000000761(63),,
5s.7s,3S,1,4d.5p,3P,1,82004.855,5.252,82005(5),6.41119,0.25497,6.41(25),50.339008533631024,4.003928897022391,5.03(40)E+01,0.000001767740841205185,1.4354791545490706e-7,0.00000177(14),,
5s.7s,3S,1,4d.5p,3P,2,113527.996,8.253,113528(8),8.31126,0.30591,8.31(31),31.8838585689588,2.3470891244951733,3.19(23)E+01,0.0000011196565170707162,8.443283930043411e-8,0.000001120(84),,
5s.7p,1P,1,5s.7s,3S,1,6746.805,0.051,6746.81(5),0.11906,0.01624,0.119(16),31.173336825139156,8.504199425321751,3.12(85)E+01,0.0000013074288641081628,3.6391907801256794e-7,0.00000131(36),,
5s.7p,3P,0,5s.7s,3S,1,5032.728,0.024,5032.73(2),9.96929,0.03606,9.969(36),1579739.338879932,11428.198387746295,1.580(11)E+06,0.2839024907478456,0.03455171166546691,0.284(35),,
4d2,3F,2,5s.5p,3P,1,423.6,4.2,424(4)*,0.00869,0.0173,<0.026,402.5643411103471,1602.8900876915784,4\(16)E+02,0.00029646834718949204,0.0011828083378896557,<0.0015,,
4d2,3F,2,5s.5p,3P,2,430.8,4.3,431(4)*,0.01912,0.03382,<0.053,1852.8091642279824,6554.837929537446,1.9(66)E+03,0.0013645005642107914,0.004834768056501088,<0.0062,,
4d2,3F,2,5s.5p,1P,1,609.3,8.6,609(9)*,0.33694,0.27778,0.34(28),203386.693079079,335462.59251935245,2.0(34)E+05,0.14978404836150855,0.21067813787240006,<0.36,,
4d2,3F,2,4d.5p,3F,2,2064.4,98.9,2100(100)*,4.1423,0.19643,4.14(20),790325.4788644706,136090.0607692483,7.9(14)E+05,0.5820348812178264,0.15178291816011236,0.58(15),,
4d2,3F,2,4d.5p,3F,3,2211.8,113.5,2200(100)*,1.63393,0.03,1.634(30),99982.21628619506,15823.743417278236,1.00(16)E+05,0.07363186299351214,0.02260273531222741,0.074(23),,
4d2,3F,2,4d.5p,1D,2,2334.3,126.4,2300(100)*,2.16109,0.25076,2.16(25),148796.1522158799,42150.400079737126,1.49(42)E+05,0.10958086648689547,0.04034147709632106,0.110(40),,
4d2,3F,2,5s.6p,3P,1,2357.1,128.9,2400(100)*,0.19937,0.12124,0.20(12),1230.0080751640123,1509.5231519809738,1.2(15)E+03,0.0009058389525207512,0.0011372794049143461,<0.0020,,
4d2,3F,2,5s.6p,3P,2,2416.7,135.5,2400(100)*,0.35091,0.19912,0.35(20),3535.153680767638,4055.7936608035884,3.5(41)E+03,0.00260346250715422,0.003060876420881864,<0.0057,,
4d2,3F,2,5s.6p,1P,1,2492.2,144.1,2500(100)*,0.51795,0.26693,0.52(27),7022.905342941878,7340.419455333295,7.0(73)E+03,0.005172015816769808,0.0055560954189317144,<0.011,,
4d2,3F,2,4d.5p,3D,1,5414.9,680.3,5400(700)*,5.90679,0.0972,5.907(97),89047.96153975283,33690.15516468542,8.9(34)E+04,0.06557933548080327,0.029124611710313723,0.066(29),,
4d2,3F,2,4d.5p,3D,2,5783.2,775.9,5800(800)*,2.3972,0.03185,2.397(32),12039.455938936277,4856.37201112366,1.20(49)E+04,0.008866452486656696,0.004277032890734238,0.0089(43),,
4d2,3F,2,4d.5p,3D,3,6445.8,963.9,6(1)E+03*,0.37066,0.0182,0.371(18),207.88675743133206,95.47058912943251,2.08(95)E+02,0.00015309811894480721,0.00008154695017327415,0.000153(82),,
4d2,3F,2,4d.5p,3P,1,12373.6,3552.1,1.2(4)E+04*,0.35792,0.03628,0.358(36),27.401592220202833,24.24350897677272,2.7(24)E+01,0.000020179891575784617,0.000018666330895497052,0.000020(19),,
4d2,3F,2,4d.5p,3P,2,12914.7,3869.5,1.3(4)E+04*,0.22419,0.01888,0.224(19),9.455243077372712,8.646825603126985,9.5(86),0.000006963309963549884,0.000006639546761178778,0.0000070(66),,
4d2,3F,2,4d.5p,1F,3,96938.7,218012.9,<3.1E+5*,0.2788,0.20526,0.28(21),0.03457734014460592,0.23878204853752738,3(24)E-02,2.5464468250232478e-8,1.759852413626929e-7,<2.0E-7,,
5s.7p,1P,1,4d2,3F,2,12563.477,3661.91,1.3(4)E+04*,0.77169,0.31859,0.77(32),202.81601882105997,243.91759262980446,2.0(24)E+02,0.00000850622821026714,0.000010240766388971682,<0.000019,,
4d2,3F,3,5s.5p,3P,2,429.2,4.1,429(4)*,0.00919,0.01504,<0.024,309.1906793160953,1012.0579014305773,3\(10)E+02,0.00029177308380003825,0.0009554161438732067,<0.0012,,
4d2,3F,3,4d.5p,3F,2,2028,92.5,2030(90)*,1.28091,0.05567,1.281(56),56937.45243348367,9230.021687770675,5.69(92)E+04,0.05373000284802156,0.010476473855676176,0.054(10),,
4d2,3F,3,4d.5p,3F,3,2170.1,106,2200(100)*,5.406,0.05366,5.406(54),827721.9846340761,122400.13125499345,8.3(12)E+05,0.7810940372457738,0.03721504623692216,0.781(37),,
4d2,3F,3,4d.5p,1D,2,2287.9,117.8,2300(100)*,0.77133,0.09639,0.771(96),14380.1237324587,4225.070861142391,1.44(42)E+04,0.01357005022313807,0.004259934042781589,0.0136(43),,
4d2,3F,3,5s.6p,3P,2,2367,126.1,2400(100)*,0.209,0.06614,0.209(66),953.3673118866619,622.3444342867575,9.5(62)E+02,0.0008996614037609635,0.0005967175556257535,0.00090(60),,
4d2,3F,3,4d.5p,3F,4,2337.3,122.9,2300(100)*,1.63507,0.02222,1.635(22),60605.495830664906,9701.246208327366,6.06(97)E+04,0.05719141486689358,0.011038946524654031,0.057(11),,
4d2,3F,3,4d.5p,3D,2,5506.4,682.2,5500(700)*,7.27504,0.0637,7.275(64),91754.2758817529,34140.475322013226,9.2(34)E+04,0.08658549502551222,0.031102917884581072,0.087(31),,
4d2,3F,3,4d.5p,3D,3,6103.9,838.3,6100(800)*,2.34038,0.02456,2.340(25),6971.539287491129,2876.1245265396196,7.0(29)E+03,0.006578812534852889,0.002810651076410986,0.0066(28),,
4d2,3F,3,4d.5p,3P,2,11611.6,3033.6,1.2(3)E+04*,0.57998,0.08554,0.580(86),62.19006080917225,52.08040311141305,6.2(52)E+01,0.0000586867167669485,0.0000496513858421667,0.000059(50),,
4d2,3F,3,4d.5p,1F,3,52615.5,62288.8,<1.1E+5*,0.18768,0.01558,0.188(16),0.0699944686489074,0.24886001512667277,7(25)E-02,6.605147998578005e-8,2.349762424511146e-7,<3.0E-7,,
4d2,3F,4,4d.5p,3F,3,2116.3,94.5,2120(90)*,1.43281,0.0158,1.433(16),48762.69303443905,6620.282459942518,4.88(66)E+04,0.05274648507440213,0.009578685725360863,0.0527(96),,
4d2,3F,4,4d.5p,3F,4,2275,109.2,2300(100)*,6.395,0.0612,6.395(61),781961.8827777623,113594.8636586508,7.8(11)E+05,0.8458462445779704,0.03680579094779146,0.846(37),,
4d2,3F,4,4d.5p,3D,3,5696.4,684.7,5700(700)*,8.77332,0.08104,8.773(81),93747.81983665159,33849.69619174432,9.4(34)E+04,0.10140678605013323,0.035190019341116596,0.101(35),,
4d2,3F,4,4d.5p,1F,3,32545.9,22349.9,3(2)E+04*,0.26184,0.02415,0.262(24),0.44771988148946684,0.9260626908772455,4.5(93)E-01,4.84297494189226e-7,0.0000010036479225252536,<0.0000015,,
5s.6d,3D,1,5s.5p,3P,0,394.19,0,394.1924(3),1.16612,0.02013,1.166(20),14993665.446281381,517652.53221562825,1.499(52)E+07,0.4754512371389252,0.010716141267926417,0.475(11),,
5s.6d,3D,1,5s.5p,3P,1,397.12,0,397.1170(3),1.02437,0.01837,1.024(18),11316296.989265874,405869.7066349348,1.132(41)E+07,0.35884136688619717,0.010229449984876184,0.359(10),,
5s.6d,3D,1,5s.5p,3P,2,403.43,0,403.4326(3),0.27275,0.0151,0.273(15),765177.9587962774,84723.6456669022,7.65(85)E+05,0.024263900541502063,0.0026706128485214924,0.0243(27),,
5s.6d,3D,1,5s.5p,1P,1,555.95,0,555.9454(5),0.04339,0.01507,0.043(15),7399.95257723663,5140.229792069878,7.4(51)E+03,0.00023465353553617674,0.0001630350758301968,0.00023(16),,
5s.6d,3D,1,4d.5p,3F,2,1557.88,0,1557.880(4),0.47181,0.02496,0.472(25),39762.913635765406,4207.127124684532,3.98(42)E+04,0.001260887576030427,0.00013589543440309658,0.00126(14),,
5s.6d,3D,1,4d.5p,1D,2,1706.8,0.01,1706.796(5),0.42211,0.0649,0.422(65),24202.068418548035,7442.20342057624,2.42(74)E+04,0.0007674509886955915,0.00023637279181605374,0.00077(24),,
5s.6d,3D,1,5s.6p,3P,0,1714.58,0.01,1714.578(5),4.02479,0.04921,4.025(49),2170506.063381443,53076.37452941554,2.171(53)E+06,0.06882705211407708,0.0021382267351461137,0.0688(21),,
5s.6d,3D,1,5s.6p,3P,1,1718.95,0.01,1718.948(5),3.32989,0.0282,3.330(28),1474408.7991005862,24972.807034075788,1.474(25)E+06,0.04675371009793672,0.0012453813673840685,0.0468(12),,
5s.6d,3D,1,5s.6p,3P,2,1750.47,0.01,1750.466(5),0.88602,0.04931,0.886(49),98848.97737373783,11002.557802482876,9.9(11)E+04,0.0031345149557086686,0.0003540892467860095,0.00313(35),,
5s.6d,3D,1,5s.6p,1P,1,1789.73,0.01,1789.733(6),1.2224,0.17356,1.22(17),176038.67369737654,49988.992572230454,1.76(50)E+05,0.00558221106730585,0.0015807210165457203,0.0056(16),,
5s.6d,3D,1,4d.5p,3D,1,2922.54,0.02,2922.54(2),0.82585,0.01501,0.826(15),18452.9664312938,670.773313093064,1.845(67)E+04,0.0005851461572271929,0.000024612938795161558,0.000585(25),,
5s.6d,3D,1,4d.5p,3D,2,3026.56,0.02,3026.56(2),0.45369,0.0166,0.454(17),5014.385347215787,366.94130273226267,5.01(37)E+03,0.0001590068636229529,0.00001211247805514136,0.000159(12),,
5s.6d,3D,1,4d.5p,3P,0,4177.54,0.03,4177.54(3),4.27265,0.31979,4.27(32),169114.2986412764,25314.99754138199,1.69(25)E+05,0.005362638161759046,0.0008064798085955157,0.00536(81),,
5s.6d,3D,1,4d.5p,3P,1,4196.22,0.03,4196.22(3),3.65467,0.27002,3.65(27),122086.78071663521,18040.41014721473,1.22(18)E+05,0.003871388963425825,0.0005757255502927018,0.00387(58),,
5s.6d,3D,1,4d.5p,3P,2,4256.7,0.03,4256.70(3),0.92712,0.06354,0.927(64),7526.6125106312265,1031.6700418823941,7.5(10)E+03,0.000238669939813313,0.00003309569555768253,0.000239(33),,
5s.6d,3D,1,5s.4f,3F,2,10690.5,0.21,10690.5(2),16.04158,0.12952,16.04(13),142248.0627376913,2297.0420335761564,1.422(23)E+05,0.004510706047934688,0.0001200126943156239,0.00451(12),,
5s.6d,3D,1,5s.7p,1P,1,12837.43,0.33,12837.4(3),0.10048,0.01549,0.100(15),3.2230782320037092,0.9937397168681532,3.22(99),1.0220426341323776e-7,3.158603329774786e-8,0.000000102(32),,
5s.6d,3D,1,5s.7p,3P,0,36474.92,2.5,36475(2),18.76223,0.022,18.762(22),4899.276945528448,11.533555065303544,4.899(12)E+03,0.00015535676003864868,0.000003313943627079959,0.0001554(33),,
5s.6d,3D,2,5s.5p,3P,1,397.039,0,397.0386(1),1.72167,0.04333,1.722(43),19191058.67787836,965979.0465216555,1.919(97)E+07,0.6186961482607825,0.02443557437053288,0.619(24),,
5s.6d,3D,2,5s.5p,3P,2,403.352,0,403.3517(2),1.02818,0.03301,1.028(33),6528054.956418787,419169.9782360757,6.53(42)E+06,0.21045646959678446,0.014194357958282994,0.210(14),,
5s.6d,3D,2,5s.5p,1P,1,555.792,0,555.7918(3),0.60896,0.33903,0.61(34),875262.8752572946,974580.8348610109,8.8(97)E+05,0.02821739950498724,0.03054802370923319,<0.059,,
5s.6d,3D,2,4d.5p,3F,2,1556.674,0.002,1556.674(2),0.30307,0.01587,0.303(16),9867.107492725574,1033.3652028614256,9.9(10)E+03,0.0003181034200714205,0.0000364396707963467,0.000318(36),,
5s.6d,3D,2,4d.5p,3F,3,1639.051,0.003,1639.051(3),0.62513,0.02514,0.625(25),35963.414642998876,2892.583130650921,3.60(29)E+04,0.0011594162933583761,0.00010761682709130223,0.00116(11),,
5s.6d,3D,2,4d.5p,1D,2,1705.349,0.003,1705.349(3),0.61352,0.40051,0.61(40),30754.95423596742,40154.08371739451,3.1(40)E+04,0.0009915019304100887,0.001294055388256526,<0.0023,,
5s.6d,3D,2,5s.6p,3P,1,1717.48,0.003,1717.480(3),6.07768,0.13176,6.08(13),2954595.9474511542,128107.29254561885,2.95(13)E+06,0.09525254250106008,0.005780786776041823,0.0953(58),,
5s.6d,3D,2,5s.6p,3P,2,1748.944,0.003,1748.944(3),3.47815,0.05256,3.478(53),916360.6747193683,27695.135495251074,9.16(28)E+05,0.029542342055368213,0.001623698052951362,0.0295(16),,
5s.6d,3D,2,5s.6p,1P,1,1788.142,0.003,1788.142(3),0.34064,0.01594,0.341(16),8223.9944019326,769.6716237457658,8.22(77)E+03,0.00026513147321356896,0.000027700216863316248,0.000265(28),,
5s.6d,3D,2,4d.5p,3D,1,2918.301,0.01,2918.30(1),0.0725,0.05616,0.073(56),85.70041773755548,132.77063338612612,9\(13)E+01,0.0000027628761523034146,0.000004282277038899619,<0.0000070,,
5s.6d,3D,2,4d.5p,3D,2,3022.01,0.011,3022.01(1),1.04914,0.04724,1.049(47),16161.309384636555,1455.402064439507,1.62(15)E+04,0.0005210207542458981,0.0000527820859509655,0.000521(53),,
5s.6d,3D,2,4d.5p,3D,3,3193.552,0.011,3193.55(1),0.38608,0.02281,0.386(23),1854.5139589701917,219.1331515015644,1.85(22)E+03,0.00005978725106152191,0.000007591316822698185,0.0000598(76),,
5s.6d,3D,2,4d.5p,3P,1,4187.48,0.019,4187.48(2),6.47707,0.5871,6.48(59),231524.09117273995,41972.00101610424,2.32(42)E+05,0.007464052184013668,0.0013870937263465693,0.0075(14),,
5s.6d,3D,2,4d.5p,3P,2,4247.708,0.018,4247.71(2),3.56657,0.37243,3.57(37),67256.6080682099,14046.200461087292,6.7(14)E+04,0.0021682703937981403,0.00046295689333416965,0.00217(46),,
5s.6d,3D,2,4d.5p,1F,3,5941.559,0.065,5941.56(6),1.93198,0.48092,1.93(48),7211.097222056224,3590.0587827687464,7.2(36)E+03,0.0002324769128637486,0.00011621582286869426,0.00023(12),,
5s.6d,3D,2,5s.4f,3F,2,10633.976,0.129,10634.0(1),6.69908,0.21043,6.70(21),15123.090596252301,950.0864262326332,1.512(95)E+04,0.0004875498563550098,0.0000380922319771664,0.000488(38),,
5s.6d,3D,2,5s.4f,3F,3,10656.527,0.129,10656.5(1),19.00837,0.57167,19.01(57),120987.34503634127,7277.304486722712,1.210(73)E+05,0.0039004833250063336,0.0002957957547268607,0.00390(30),,
5s.6d,3D,2,5s.7p,1P,1,12756.013,0.219,12756.0(2),6.48308,3.36079,6.5(34),8205.691509931767,8507.563073012347,8.2(85)E+03,0.0002645414104675256,0.00027447648404860296,<0.00054,,
5s.6d,3D,3,5s.5p,3P,2,403.152,0,403.1516(2),2.44212,0.02793,2.442(28),26344991.371100996,602603.9744114546,2.634(60)E+07,0.8562166116413636,0.00824061483561245,0.8562(82),,
5s.6d,3D,3,4d.5p,3F,2,1553.698,0.002,1553.698(2),0.10851,0.03363,0.109(34),908.6761470736259,563.2435503949702,9.1(56)E+02,0.000029532126268986313,0.000018316051805427934,0.000030(18),,
5s.6d,3D,3,4d.5p,3F,3,1635.751,0.003,1635.751(3),0.25165,0.02059,0.252(21),4188.047264808919,685.3319549466192,4.19(69)E+03,0.00013611223431267023,0.000022463107821925187,0.000136(22),,
5s.6d,3D,3,4d.5p,1D,2,1701.777,0.003,1701.777(3),1.6803,0.93328,1.68(93),165819.21144225093,184200.1471839288,1.7(18)E+05,0.005389152016267809,0.0059553206185019554,<0.011,,
5s.6d,3D,3,5s.6p,3P,2,1745.187,0.003,1745.187(3),8.30925,0.22594,8.31(23),3759817.7086659553,204469.28830291575,3.76(20)E+06,0.1221947023461342,0.0063495199268989505,0.1222(63),,
5s.6d,3D,3,4d.5p,3F,4,1728.969,0.003,1728.969(3),0.73903,0.0568,0.739(57),30586.645735601298,4701.626398869632,3.06(47)E+04,0.0009940710856310613,0.00015415059245449283,0.00099(15),,
5s.6d,3D,3,4d.5p,3D,2,3010.812,0.011,3010.81(1),0.20476,0.09582,0.205(96),444.64000947180097,416.1496943788779,4.4(42)E+02,0.000014450874435576591,0.000013528331316281374,0.000014(14),,
5s.6d,3D,3,4d.5p,3D,3,3181.049,0.011,3181.05(1),1.09009,0.0342,1.090(34),10685.205137823945,670.4657793538604,1.069(67)E+04,0.00034727094835325297,0.000023034932327027494,0.000347(23),,
5s.6d,3D,3,4d.5p,3P,2,4225.618,0.018,4225.62(2),8.91184,0.60132,8.91(60),304672.6463234101,41115.13593346387,3.05(41)E+05,0.00990191179872593,0.0013400854057632828,0.0099(13),,
5s.6d,3D,3,4d.5p,1F,3,5898.428,0.064,5898.43(6),0.08423,0.01547,0.084(15),10.006772922025627,3.6757634503516474,1.00(37)E+01,3.252217882356157e-7,1.1966872408015972e-7,0.00000033(12),,
5s.6d,3D,3,5s.4f,3F,2,10496.605,0.126,10496.6(1),1.16564,0.01688,1.166(17),340.05690965249477,9.848950056759996,3.401(98)E+02,0.00001105190625597553,3.991240932739949e-7,0.00001105(40),,
5s.6d,3D,3,5s.4f,3F,3,10518.576,0.126,10518.6(1),6.86487,0.05684,6.865(57),11720.955392349517,194.0956415045267,1.172(19)E+04,0.0003809330042994684,0.000010358228633169107,0.000381(10),,
5s.6d,3D,3,5s.4f,3F,4,10549.258,0.134,10549.3(1),23.39023,0.18333,23.39(18),134887.76333772243,2114.4765759417724,1.349(21)E+05,0.0043838747961632086,0.00011672572852873677,0.00438(12),,
5s.6d,1D,2,5s.5p,3P,1,396.373,0,396.3735(1),0.35245,0.22839,0.35(23),808311.3074736521,1047582.4628395936,8\(10)E+05,0.03206674159333763,0.040363983256188216,<0.072,,
5s.6d,1D,2,5s.5p,3P,2,402.665,0,402.6653(2),0.20459,0.13739,0.20(14),259796.6361167348,348926.7299093621,2.6(35)E+05,0.010306464254733014,0.013747415041426974,<0.024,,
5s.6d,1D,2,5s.5p,1P,1,554.489,0,554.4892(3),2.90009,0.18797,2.90(19),19991292.833352163,2591480.4808714255,2.00(26)E+07,0.7930801109382506,0.04098087200555126,0.793(41),,
5s.6d,1D,2,4d.5p,3F,2,1546.5,0.002,1546.500(2),0.04231,0.0299,0.042(30),196.12546076867986,277.19930404186346,2.0(28)E+02,0.000007780547435368565,0.000011031171994462368,<0.000019,,
5s.6d,1D,2,4d.5p,3F,3,1627.774,0.003,1627.774(3),0.13983,0.08874,0.140(89),1837.0267940908163,2331.656407196821,1.8(23)E+03,0.00007287719837825953,0.00009285180711574405,<0.00017,,
5s.6d,1D,2,4d.5p,1D,2,1693.145,0.003,1693.145(3),0.16255,0.09438,0.163(94),2205.9143152835804,2561.6018834653396,2.2(26)E+03,0.00008751143732768905,0.00010208382849831922,<0.00019,,
5s.6d,1D,2,5s.6p,3P,1,1705.103,0.003,1705.103(3),0.69346,0.46641,0.69(47),39308.69671546895,52876.7895342284,3.9(53)E+04,0.0015594261867812732,0.002101671858598275,<0.0037,,
5s.6d,1D,2,5s.6p,3P,2,1736.111,0.003,1736.111(3),0.78539,0.48258,0.79(48),47767.87700487432,58701.593056232836,4.8(59)E+04,0.0018950126692710769,0.002334001425641936,<0.0042,,
5s.6d,1D,2,5s.6p,1P,1,1774.729,0.003,1774.729(3),7.16294,0.09639,7.163(96),3719493.2034358806,100104.69339229418,3.72(10)E+06,0.1475570443094931,0.016843848002729436,0.148(17),,
5s.6d,1D,2,4d.5p,3D,1,2882.745,0.01,2882.74(1),0.78255,0.02179,0.783(22),10358.642497199058,576.8700375822602,1.036(58)E+04,0.00041094057344518255,0.000051357332140058834,0.000411(51),,
5s.6d,1D,2,4d.5p,3D,2,2983.898,0.011,2983.90(1),0.22399,0.13118,0.22(13),765.2487800222369,896.3376487146008,7.7(90)E+02,0.000030358396148491126,0.00003571966528457381,<0.000066,,
5s.6d,1D,2,4d.5p,3D,3,3151.021,0.011,3151.02(1),0.07515,0.02321,0.075(23),73.14785097385399,45.18327668255936,7.3(45)E+01,0.0000029018686409542833,0.0000018216444313001785,0.0000029(18),,
5s.6d,1D,2,4d.5p,3P,1,4114.657,0.018,4114.66(2),0.62644,0.69186,<1.3,2282.7335644692644,5042.245207654622,2.3(50)E+03,0.00009055895502322967,0.00020027069533593556,<0.00029,,
5s.6d,1D,2,4d.5p,3P,2,4172.794,0.017,4172.79(2),0.85476,0.36687,0.85(37),4074.787221140289,3497.864167652348,4.1(35)E+03,0.00016165201161979188,0.0001399163716140606,0.00016(14),,
5s.6d,1D,2,4d.5p,1F,3,5796.009,0.062,5796.01(6),8.07714,1.75261,8.1(18),135776.7064059696,58922.74098623886,1.36(59)E+05,0.005386435298452903,0.0024017663401572835,0.0054(24),,
5s.6d,1D,2,5s.4f,3F,2,10176.594,0.118,10176.6(1),1.57476,0.87978,1.57(88),953.4955054196747,1065.3893623976278,1.0(11)E+03,0.00003782638409236681,0.000042475160008154014,<0.000080,,
5s.6d,1D,2,5s.4f,3F,3,10197.245,0.119,10197.2(1),4.32923,2.46957,4.3(25),7162.58880128281,8171.667679616089,7.2(82)E+03,0.00028414904270970695,0.0003256441881033506,<0.00061,,
5s.6d,1D,2,5s.7p,1P,1,12103.475,0.197,12103.5(2),27.71098,1.57089,27.7(16),175497.4606844169,19897.32817694354,1.75(20)E+05,0.00696220833485936,0.0011051125440094635,0.0070(11),,
5s.5p,3P,1,5s2,1S,0,689.449,0,689.4491(1),0.1508,0.0001,0.1508(1),46864.29749336611,62.15424070738211,4.6864(62)E+04,1,0,1.0,,
5s.5p,1P,1,5s2,1S,0,460.862,0,460.8624(1),5.262,0.004,5.262(4),191044260.58006892,290451.1753402796,1.9104(29)E+08,0.9999494769885733,9.55979944741803e-7,0.99994948(96),,
5s.6p,3P,1,5s2,1S,0,295.261,0,295.2612(1),0.03375,0.01619,0.034(16),29886.458487909997,28673.289654474836,3.0(29)E+04,0.0019157386026205326,0.0018350754372213284,0.0019(18),,
5s.6p,1P,1,5s2,1S,0,293.269,0,293.2689(1),0.2651,0.02065,0.265(21),1881774.8668887448,293162.2104960587,1.88(29)E+06,0.12558716263954442,0.0180419106624906,0.126(18),,
4d.5p,3D,1,5s2,1S,0,275.754,0,275.7544(1),0.06113,0.01541,0.061(15),120361.44335566273,60682.801966653446,1.20(61)E+05,0.0016105162597672084,0.0008108948634851328,0.00161(81),,
4d.5p,3P,1,5s2,1S,0,268.077,0,268.0769,0.05865,0.01543,0.059(15),120587.96620001404,63450.036435335605,1.21(63)E+05,0.0013981306595964387,0.0007348811015805614,0.00140(73),,
5s.7p,1P,1,5s2,1S,0,257.024,0,257.0241(1),0.31333,0.03672,0.313(37),3905066.998844886,915290.9724417337,3.91(92)E+06,0.16378090479068408,0.032754926260732516,0.164(33),,
5s.6s,1S,0,5s.5p,3P,1,621.601,0.001,621.6010(6),0.04405,0.015,0.044(15),16369.072919055905,11148.063282270323,1.6(11)E+04,0.0008151336616134026,0.000554797980337705,0.00082(55),,
5s.6s,1S,0,5s.5p,1P,1,1124.433,0.002,1124.433(2),3.75221,0.02526,3.752(25),20065089.576029908,270157.6950621586,2.007(27)E+07,0.9991848663383865,0.000554797980337705,0.99918(55),,
5s.6p,3P,1,5s.6s,1S,0,3052.045,0.016,3052.04(2),3.04117,0.40359,3.04(40),219712.5089184495,58315.56383238529,2.20(58)E+05,0.014083693957380516,0.00370184742207148,0.0141(37),,
5s.6p,1P,1,5s.6s,1S,0,2851.782,0.014,2851.78(1),9.35467,0.17214,9.35(17),2548319.5059501906,93785.83207709892,2.548(94)E+06,0.1700714691659294,0.009854797577977947,0.1701(99),,
4d.5p,3D,1,5s.6s,1S,0,1762.945,0.006,1762.945(6),0.41213,0.07321,0.412(73),20936.20964489593,7438.138008569078,2.09(74)E+04,0.0002801404262938626,0.00009955538416624304,0.00028(10),,
4d.5p,3P,1,5s.6s,1S,0,1490.112,0.004,1490.112(4),0.28131,0.03592,0.281(36),16153.247997588567,4125.162051557854,1.62(41)E+04,0.00018728528218175329,0.00004788899393080417,0.000187(48),,
5s.7p,1P,1,5s.6s,1S,0,1202.641,0.003,1202.641(3),1.45443,0.08938,1.454(89),821341.2441628025,100948.7985524921,8.2(10)E+05,0.034447555483857466,0.004507361270715809,0.0344(45),,
5p2,3P,0,5s.5p,3P,1,483.346,0,483.3461(4),2.64945,0.06605,2.649(66),125951708.52912334,6279877.218553735,1.260(63)E+08,0.9953182148786268,0.0006486831417385068,0.99532(65),,
5p2,3P,0,5s.5p,1P,1,741.016,0.001,741.016(1),0.34471,0.02243,0.345(22),591688.0158298842,77001.31821813282,5.92(77)E+05,0.00467574331907299,0.0006485768039982653,0.00468(65),,
5p2,3P,0,5s.6p,3P,1,7546.458,0.113,7546.5(1),0.01625,0.01501,0.016(15),1.244928989837213,2.299862663751517,1.2(23),9.83790148054176e-9,1.8180944895968632e-8,<2.8E-8,,
5p2,3P,0,5s.6p,1P,1,9132.103,0.166,9132.1(2),0.53564,0.07938,0.536(79),763.3098746226768,226.23978370962703,7.6(23)E+02,0.000006031964398744144,0.0000018127123920775449,0.0000060(18),,
4d.5p,3D,1,5p2,3P,0,9339.606,0.18,9339.6(2),1.29734,0.15125,1.30(15),1395.3013972442895,325.34161102154565,1.40(33)E+03,0.00001867006181454295,0.000004358892179112738,0.0000187(44),,
4d.5p,3P,1,5p2,3P,0,4740.934,0.045,4740.93(4),0.49134,0.11945,0.49(12),1530.0955732527082,743.9651424206056,1.53(74)E+03,0.000017740356691388922,0.000008629054558683687,0.0000177(86),,
5s.7p,1P,1,5p2,3P,0,2692.938,0.016,2692.94(2),0.50411,0.07538,0.504(75),8788.555313809493,2628.3204091631646,8.8(26)E+03,0.00036859739961554185,0.00011206056709965492,0.00037(11),,
5p2,1S,0,5s.5p,3P,1,441.386,0,441.3861(1),0.30176,0.02173,0.302(22),2145530.0738679105,309002.9725951067,2.15(31)E+06,0.1182744658990445,0.01559646900875331,0.118(16),,
5p2,1S,0,5s.5p,1P,1,646.756,0,646.7560(3),1.35482,0.03136,1.355(31),13747038.294390636,636405.0145585248,1.375(64)E+07,0.757819073135427,0.016041021185471946,0.758(16),,
5p2,1S,0,5s.6p,3P,1,3037.744,0.007,3037.744(7),1.83345,0.25837,1.83(26),242969.67832793132,68478.63405980161,2.43(68)E+05,0.013393943661713465,0.003761271100557252,0.0134(38),,
5p2,1S,0,5s.6p,1P,1,3266.021,0.008,3266.021(8),5.87036,0.11255,5.87(11),2004195.1152995143,76851.22015312231,2.004(77)E+06,0.11048323661676049,0.005739379585731233,0.1105(57),,
5p2,1S,0,4d.5p,3D,1,11159.681,0.117,11159.7(1),0.60361,0.02593,0.604(26),531.1594026791134,45.63530834271173,5.31(46)E+02,0.000029280687054585338,0.0000027676576049417182,0.0000293(28),,
4d.5p,3P,1,5p2,1S,0,70176.916,3.846,70177(4),0.39799,0.02296,0.398(23),0.30953341267529444,0.03571393437250049,3.10(36)E-01,3.588817094012783e-9,4.1702330058880194e-10,0.00000000359(42),,
5s.7p,1P,1,5p2,1S,0,5725.331,0.037,5725.33(4),11.87434,0.07924,11.874(79),507414.9778028968,6772.183593062206,5.074(68)E+05,0.021281295351266865,0.00120874153991619,0.0213(12),,
5s.7s,1S,0,5s.5p,3P,1,417.717,0,417.7165(1),0.12813,0.0152,0.128(15),456377.1875341858,108279.61055989424,4.6(11)E+05,0.008148760256211205,0.0019307346426776788,0.0081(19),,
5s.7s,1S,0,5s.5p,1P,1,597.173,0,597.1732(3),2.33193,0.03445,2.332(34),51736545.968998335,1528625.6522554215,5.17(15)E+07,0.9237725309270365,0.004557515113540819,0.9238(46),,
5s.7s,1S,0,5s.6p,3P,1,2185.46,0.004,2185.460(4),1.32519,0.16734,1.33(17),340874.9570932762,86088.81040978327,3.41(86)E+05,0.006086431089396463,0.0015369963591803592,0.0061(15),,
5s.7s,1S,0,5s.6p,1P,1,2301.173,0.005,2301.173(5),4.56638,0.13383,4.57(13),3467075.8964915797,203223.8973088451,3.47(20)E+06,0.06190574604144103,0.0038033558338183737,0.0619(38),,
5s.7s,1S,0,4d.5p,3D,1,4587.446,0.022,4587.45(2),0.41507,0.02467,0.415(25),3615.738379800996,429.80830454145695,3.62(43)E+03,0.00006456016210050552,0.00000787868064619509,0.0000646(79),,
5s.7s,1S,0,4d.5p,3P,1,8762.076,0.071,8762.08(7),0.63918,0.015,0.639(15),1230.531016859011,57.755147935205606,1.231(58)E+03,0.000021971523814311496,0.0000011968020882324393,0.0000220(12),,
5s.7p,1P,1,5s.7s,1S,0,21605.505,0.57,21605.5(6),15.63361,0.1425,15.63(14),16367.084677220175,298.37402205229995,1.637(30)E+04,0.0006864455687991486,0.00003995197534909218,0.000686(40),,